,consensus_strains,consensus_strains_normalized,consensus_AAseq,consensus_AAseq_details,index_dels_fixed,zscore,p_value,consensus_strains_codon,consensus_strains_normalized_codon,consensus_codon_seq,consensus_codon_seq_details
0,2466.0,1.0,M,{'M': 2466.0},,0.42732738696713146,0.33457044392029,2466.0,1.0,AUG,{'AUG': 2466.0}
1,2466.0,1.0,K,{'K': 2466.0},,0.42732738696713146,0.33457044392029,2466.0,1.0,AAA,{'AAA': 2466.0}
2,2466.0,1.0,A,{'A': 2466.0},,0.42732738696713146,0.33457044392029,2456.0,0.9959448499594485,GCA,"{'GCA': 2456.0, 'GCG': 10.0}"
3,2466.0,1.0,I,{'I': 2466.0},,0.42732738696713146,0.33457044392029,2466.0,1.0,AUU,{'AUU': 2466.0}
4,2466.0,1.0,F,{'F': 2466.0},,0.42732738696713146,0.33457044392029,2466.0,1.0,UUC,{'UUC': 2466.0}
5,2466.0,1.0,V,{'V': 2466.0},,0.42732738696713146,0.33457044392029,2466.0,1.0,GUA,{'GUA': 2466.0}
6,2466.0,1.0,L,{'L': 2466.0},,0.42732738696713146,0.33457044392029,2466.0,1.0,CUG,{'CUG': 2466.0}
7,2466.0,1.0,K,{'K': 2466.0},,0.42732738696713146,0.33457044392029,2466.0,1.0,AAA,{'AAA': 2466.0}
8,2466.0,1.0,G,{'G': 2466.0},,0.42732738696713146,0.33457044392029,2466.0,1.0,GGU,{'GGU': 2466.0}
9,2466.0,1.0,W,{'W': 2466.0},,0.42732738696713146,0.33457044392029,2466.0,1.0,UGG,{'UGG': 2466.0}
10,2466.0,1.0,W,{'W': 2466.0},,0.42732738696713146,0.33457044392029,2466.0,1.0,UGG,{'UGG': 2466.0}
11,2464.0,0.9991889699918897,R,"{'P': 2.0, 'R': 2464.0}",,-0.99709723625677,0.15935865720326292,2464.0,0.9991889699918897,CGC,"{'CGC': 2464.0, 'CCA': 2.0}"
12,2461.0,0.9979724249797243,T,"{'P': 3.0, 'T': 2461.0, 'L': 2.0}",,-3.1337341710924274,0.0008629856963918461,2461.0,0.9979724249797243,ACU,"{'CCU': 3.0, 'CUU': 2.0, 'ACU': 2461.0}"
13,2464.0,0.9991889699918897,S,"{'P': 2.0, 'S': 2464.0}",,-0.99709723625677,0.15935865720326292,2464.0,0.9991889699918897,UCC,"{'CCU': 2.0, 'UCC': 2464.0}"
14,2463.0,1.0,*,{'*': 2463.0},,0.42732738696713146,0.33457044392029,2463.0,1.0,UGA,{'UGA': 2463.0}
