,consensus_strains,consensus_strains_normalized,consensus_AAseq,consensus_AAseq_details,index_dels_fixed,zscore,p_value,consensus_strains_codon,consensus_strains_normalized_codon,consensus_codon_seq,consensus_codon_seq_details
0,2348.0,1.0,M,{'M': 2348.0},,0.3641112215341154,0.3578874787942078,2348.0,1.0,AUG,{'AUG': 2348.0}
1,2325.0,0.9902044293015332,T,"{'I': 21.0, 'S': 1.0, 'T': 2325.0, 'N': 1.0}",,-1.6299239729522466,0.05155878313332553,2248.0,0.9574105621805792,ACA,"{'AUA': 21.0, 'ACA': 2248.0, 'AGC': 1.0, 'AAC': 1.0, 'ACU': 77.0}"
2,2345.0,0.998297147722435,R,"{'C': 3.0, 'R': 2345.0, 'L': 1.0}",,0.01747012455267763,0.49303078318079,2345.0,0.998297147722435,CGC,"{'UGC': 3.0, 'CGC': 2345.0, 'CUC': 1.0}"
3,2349.0,1.0,V,{'V': 2349.0},,0.3641112215341154,0.3578874787942078,2349.0,1.0,GUU,{'GUU': 2349.0}
4,2349.0,1.0,Q,{'Q': 2349.0},,0.3641112215341154,0.3578874787942078,2349.0,1.0,CAA,{'CAA': 2349.0}
5,2349.0,1.0,F,{'F': 2349.0},,0.3641112215341154,0.3578874787942078,2349.0,1.0,UUU,{'UUU': 2349.0}
6,2349.0,1.0,K,{'K': 2349.0},,0.3641112215341154,0.3578874787942078,2349.0,1.0,AAA,{'AAA': 2349.0}
7,2349.0,1.0,H,{'H': 2349.0},,0.3641112215341154,0.3578874787942078,2349.0,1.0,CAC,{'CAC': 2349.0}
8,2349.0,1.0,H,{'H': 2349.0},,0.3641112215341154,0.3578874787942078,2349.0,1.0,CAC,{'CAC': 2349.0}
9,2349.0,1.0,H,{'H': 2349.0},,0.3641112215341154,0.3578874787942078,2349.0,1.0,CAU,{'CAU': 2349.0}
10,2349.0,1.0,H,{'H': 2349.0},,0.3641112215341154,0.3578874787942078,2349.0,1.0,CAU,{'CAU': 2349.0}
11,2284.0,0.9815212720240654,H,"{'Y': 43.0, 'H': 2284.0}",,-3.397510746966471,0.00034000958449666163,2284.0,0.9815212720240654,CAC,"{'CAC': 2284.0, 'UAC': 43.0}"
12,2327.0,1.0,H,{'H': 2327.0},,0.3641112215341154,0.3578874787942078,2327.0,1.0,CAU,{'CAU': 2327.0}
13,2327.0,1.0,H,{'H': 2327.0},,0.3641112215341154,0.3578874787942078,2327.0,1.0,CAU,{'CAU': 2327.0}
14,2323.0,0.9995697074010327,P,"{'P': 2323.0, 'T': 1.0}",,0.27651871542294665,0.3910748434926883,2323.0,0.9995697074010327,CCU,"{'CCU': 2323.0, 'ACU': 1.0}"
15,2324.0,1.0,D,{'D': 2324.0},,0.3641112215341154,0.3578874787942078,2324.0,1.0,GAC,{'GAC': 2324.0}
16,2324.0,1.0,*,{'*': 2324.0},,0.3641112215341154,0.3578874787942078,2324.0,1.0,UAG,{'UAG': 2324.0}
