,consensus_strains,consensus_strains_normalized,consensus_AAseq,consensus_AAseq_details,index_dels_fixed,zscore,p_value,consensus_strains_codon,consensus_strains_normalized_codon,consensus_codon_seq,consensus_codon_seq_details
0,2493.0,1.0,M,{'M': 2493.0},,0.2808356557521248,0.38941822717721253,2493.0,1.0,AUG,{'AUG': 2493.0}
1,2493.0,1.0,K,{'K': 2493.0},,0.2808356557521248,0.38941822717721253,2493.0,1.0,AAA,{'AAA': 2493.0}
2,2492.0,0.9995988768551946,H,"{'H': 2492.0, 'L': 1.0}",,0.26355330249542774,0.39606207285790496,2486.0,0.9971921379863619,CAC,"{'CAC': 2486.0, 'CUU': 1.0, 'CAU': 6.0}"
3,2260.0,0.9065383072603289,T,"{'I': 232.0, 'T': 2260.0, 'V': 1.0}",,-3.7459526530583576,8.985524308243176e-05,2254.0,0.9041315683914962,ACA,"{'AUA': 232.0, 'GUC': 1.0, 'ACA': 2254.0, 'ACG': 3.0, 'ACU': 3.0}"
4,2491.0,0.9987971130713713,P,"{'P': 2491.0, 'L': 3.0}",,0.2290093846988621,0.4094308110059992,2491.0,0.9987971130713713,CCG,"{'CUG': 3.0, 'CCG': 2491.0}"
5,2494.0,1.0,F,{'F': 2494.0},,0.2808356557521248,0.38941822717721253,2486.0,0.9967923015236567,UUU,"{'UUU': 2486.0, 'UUC': 8.0}"
6,2494.0,1.0,F,{'F': 2494.0},,0.2808356557521248,0.38941822717721253,2494.0,1.0,UUC,{'UUC': 2494.0}
7,2494.0,1.0,F,{'F': 2494.0},,0.2808356557521248,0.38941822717721253,2494.0,1.0,UUC,{'UUC': 2494.0}
8,2494.0,1.0,A,{'A': 2494.0},,0.2808356557521248,0.38941822717721253,2494.0,1.0,GCA,{'GCA': 2494.0}
9,2494.0,1.0,F,{'F': 2494.0},,0.2808356557521248,0.38941822717721253,2494.0,1.0,UUC,{'UUC': 2494.0}
10,2494.0,1.0,F,{'F': 2494.0},,0.2808356557521248,0.38941822717721253,2494.0,1.0,UUU,{'UUU': 2494.0}
11,2489.0,0.9979951884522855,F,"{'L': 5.0, 'F': 2489.0}",,0.19445853733002028,0.4229084292025405,2489.0,0.9979951884522855,UUU,"{'UUU': 2489.0, 'UUA': 5.0}"
12,2489.0,0.9979951884522855,T,"{'P': 5.0, 'T': 2489.0}",,0.19445853733002028,0.4229084292025405,2489.0,0.9979951884522855,ACC,"{'ACC': 2489.0, 'CCU': 5.0}"
13,2485.0,0.9963913392141138,F,"{'I': 4.0, 'S': 5.0, 'F': 2485.0}",,0.12535684259233187,0.45012052657677587,2485.0,0.9963913392141138,UUC,"{'AUU': 4.0, 'UCC': 5.0, 'UUC': 2485.0}"
14,2494.0,1.0,P,{'P': 2494.0},,0.2808356557521248,0.38941822717721253,2489.0,0.9979951884522855,CCC,"{'CCU': 5.0, 'CCC': 2489.0}"
15,2485.0,0.9983929288871033,*,"{'*': 2485.0, 'L': 4.0}",,0.2115951468426102,0.41621144793260806,2485.0,0.9983929288871033,UGA,"{'CUG': 4.0, 'UGA': 2485.0}"
