,consensus_strains,consensus_strains_normalized,consensus_AAseq,consensus_AAseq_details,index_dels_fixed,zscore,p_value,consensus_strains_codon,consensus_strains_normalized_codon,consensus_codon_seq,consensus_codon_seq_details
0,39.0,1.0,M,{'M': 39.0},,0.29880715233359717,0.3825435966791904,39.0,1.0,AUG,{'AUG': 39.0}
1,39.0,1.0,Q,{'Q': 39.0},,0.29880715233359717,0.3825435966791904,39.0,1.0,CAA,{'CAA': 39.0}
2,39.0,1.0,P,{'P': 39.0},,0.29880715233359717,0.3825435966791904,39.0,1.0,CCA,{'CCA': 39.0}
3,39.0,1.0,E,{'E': 39.0},,0.29880715233359717,0.3825435966791904,39.0,1.0,GAA,{'GAA': 39.0}
4,37.0,0.9487179487179487,V,"{'G': 2.0, 'V': 37.0}",,-3.884492980336781,5.1271827644972255e-05,37.0,0.9487179487179487,GUU,"{'GGU': 2.0, 'GUU': 37.0}"
5,39.0,1.0,E,{'E': 39.0},,0.29880715233359717,0.3825435966791904,39.0,1.0,GAA,{'GAA': 39.0}
6,39.0,1.0,V,{'V': 39.0},,0.29880715233359717,0.3825435966791904,39.0,1.0,GUA,{'GUA': 39.0}
7,39.0,1.0,L,{'L': 39.0},,0.29880715233359717,0.3825435966791904,39.0,1.0,UUA,{'UUA': 39.0}
8,39.0,1.0,T,{'T': 39.0},,0.29880715233359717,0.3825435966791904,39.0,1.0,ACC,{'ACC': 39.0}
9,39.0,1.0,D,{'D': 39.0},,0.29880715233359717,0.3825435966791904,39.0,1.0,GAU,{'GAU': 39.0}
10,39.0,1.0,H,{'H': 39.0},,0.29880715233359717,0.3825435966791904,39.0,1.0,CAU,{'CAU': 39.0}
11,39.0,1.0,N,{'N': 39.0},,0.29880715233359717,0.3825435966791904,39.0,1.0,AAU,{'AAU': 39.0}
12,39.0,1.0,E,{'E': 39.0},,0.29880715233359717,0.3825435966791904,39.0,1.0,GAG,{'GAG': 39.0}
13,39.0,1.0,L,{'L': 39.0},,0.29880715233359717,0.3825435966791904,39.0,1.0,CUA,{'CUA': 39.0}
14,39.0,1.0,I,{'I': 39.0},,0.29880715233359717,0.3825435966791904,39.0,1.0,AUU,{'AUU': 39.0}
15,39.0,1.0,C,{'C': 39.0},,0.29880715233359717,0.3825435966791904,39.0,1.0,UGU,{'UGU': 39.0}
16,39.0,1.0,S,{'S': 39.0},,0.29880715233359717,0.3825435966791904,38.0,0.9743589743589743,UCG,"{'UCG': 38.0, 'UCA': 1.0}"
17,38.0,0.9743589743589743,S,"{'S': 38.0, 'R': 1.0}",,-1.792842914001592,0.036499022715057616,38.0,0.9743589743589743,AGC,"{'AGG': 1.0, 'AGC': 38.0}"
18,39.0,1.0,F,{'F': 39.0},,0.29880715233359717,0.3825435966791904,39.0,1.0,UUU,{'UUU': 39.0}
19,39.0,1.0,I,{'I': 39.0},,0.29880715233359717,0.3825435966791904,38.0,0.9743589743589743,AUU,"{'AUC': 1.0, 'AUU': 38.0}"
20,39.0,1.0,E,{'E': 39.0},,0.29880715233359717,0.3825435966791904,39.0,1.0,GAA,{'GAA': 39.0}
