,consensus_strains,consensus_strains_normalized,consensus_AAseq,consensus_AAseq_details,index_dels_fixed,zscore,p_value,consensus_strains_codon,consensus_strains_normalized_codon,consensus_codon_seq,consensus_codon_seq_details
0,1162.0,1.0,M,{'M': 1162.0},,0.35379595181125795,0.3617459037613755,1162.0,1.0,AUG,{'AUG': 1162.0}
1,1159.0,0.9974182444061962,S,"{'S': 1159.0, 'L': 3.0}",,0.14639832488741553,0.44180347480527027,1159.0,0.9974182444061962,UCG,"{'UCG': 1159.0, 'UUG': 3.0}"
2,1139.0,0.9802065404475043,Q,"{'Q': 1139.0, 'K': 23.0}",,-1.2362525212715219,0.10818235672486531,1139.0,0.9802065404475043,CAA,"{'CAA': 1139.0, 'AAA': 23.0}"
3,1162.0,1.0,N,{'N': 1162.0},,0.35379595181125795,0.3617459037613755,1162.0,1.0,AAU,{'AAU': 1162.0}
4,1162.0,1.0,Q,{'Q': 1162.0},,0.35379595181125795,0.3617459037613755,1162.0,1.0,CAA,{'CAA': 1162.0}
5,1162.0,1.0,E,{'E': 1162.0},,0.35379595181125795,0.3617459037613755,1162.0,1.0,GAA,{'GAA': 1162.0}
6,1161.0,0.9991394148020654,I,"{'I': 1161.0, 'F': 1.0}",,0.2846634095033075,0.3879510131262205,1161.0,0.9991394148020654,AUU,"{'UUU': 1.0, 'AUU': 1161.0}"
7,1162.0,1.0,S,{'S': 1162.0},,0.35379595181125795,0.3617459037613755,1162.0,1.0,AGU,{'AGU': 1162.0}
8,1162.0,1.0,K,{'K': 1162.0},,0.35379595181125795,0.3617459037613755,1162.0,1.0,AAG,{'AAG': 1162.0}
9,1162.0,1.0,K,{'K': 1162.0},,0.35379595181125795,0.3617459037613755,1162.0,1.0,AAA,{'AAA': 1162.0}
10,1105.0,0.9509466437177281,E,"{'K': 1.0, 'E': 1105.0, 'G': 56.0}",,-3.586758959741721,0.00016740677535121023,1105.0,0.9509466437177281,GAA,"{'AAA': 1.0, 'GGA': 56.0, 'GAA': 1105.0}"
11,1162.0,1.0,Q,{'Q': 1162.0},,0.35379595181125795,0.3617459037613755,1162.0,1.0,CAA,{'CAA': 1162.0}
12,1162.0,1.0,Y,{'Y': 1162.0},,0.35379595181125795,0.3617459037613755,1161.0,0.9991394148020654,UAC,"{'UAC': 1161.0, 'UAU': 1.0}"
13,1161.0,0.9991394148020654,N,"{'D': 1.0, 'N': 1161.0}",,0.2846634095033075,0.3879510131262205,1105.0,0.9509466437177281,AAC,"{'AAU': 56.0, 'GAC': 1.0, 'AAC': 1105.0}"
14,1160.0,0.9982788296041308,L,"{'Q': 2.0, 'L': 1160.0}",,0.215530867195366,0.4146767244857198,1160.0,0.9982788296041308,CUG,"{'CUG': 1160.0, 'CAG': 2.0}"
15,1162.0,1.0,N,{'N': 1162.0},,0.35379595181125795,0.3617459037613755,1161.0,0.9991394148020654,AAC,"{'AAU': 1.0, 'AAC': 1161.0}"
16,416.0,1.0,K,{'K': 416.0},,0.35379595181125795,0.3617459037613755,416.0,1.0,AAG,{'AAG': 416.0}
