,consensus_strains,consensus_strains_normalized,consensus_AAseq,consensus_AAseq_details,index_dels_fixed,zscore,p_value,consensus_strains_codon,consensus_strains_normalized_codon,consensus_codon_seq,consensus_codon_seq_details
0,2423.0,1.0,M,{'M': 2423.0},,0.4016339500727975,0.3439767202329016,2423.0,1.0,AUG,{'AUG': 2423.0}
1,2423.0,1.0,N,{'N': 2423.0},,0.4016339500727975,0.3439767202329016,2423.0,1.0,AAU,{'AAU': 2423.0}
2,2423.0,1.0,N,{'N': 2423.0},,0.4016339500727975,0.3439767202329016,2423.0,1.0,AAC,{'AAC': 2423.0}
3,2423.0,1.0,S,{'S': 2423.0},,0.4016339500727975,0.3439767202329016,2423.0,1.0,AGC,{'AGC': 2423.0}
4,2421.0,0.9991745769706974,T,"{'I': 2.0, 'T': 2421.0}",,0.24467355579147873,0.4033546025994835,2421.0,0.9991745769706974,ACA,"{'AUA': 2.0, 'ACA': 2421.0}"
5,2423.0,1.0,K,{'K': 2423.0},,0.4016339500727975,0.3439767202329016,2423.0,1.0,AAA,{'AAA': 2423.0}
6,2423.0,1.0,F,{'F': 2423.0},,0.4016339500727975,0.3439767202329016,2423.0,1.0,UUC,{'UUC': 2423.0}
7,2423.0,1.0,C,{'C': 2423.0},,0.4016339500727975,0.3439767202329016,2423.0,1.0,UGU,{'UGU': 2423.0}
8,2423.0,1.0,F,{'F': 2423.0},,0.4016339500727975,0.3439767202329016,2423.0,1.0,UUC,{'UUC': 2423.0}
9,2422.0,0.9995872884853487,S,"{'S': 2422.0, 'L': 1.0}",,0.3231537529321381,0.3732894016042212,2422.0,0.9995872884853487,UCA,"{'UUA': 1.0, 'UCA': 2422.0}"
10,2376.0,0.9806025588113908,R,"{'S': 1.0, 'R': 2376.0, 'T': 46.0}",,-3.2869353155380465,0.0005064204787679227,2376.0,0.9806025588113908,AGA,"{'ACA': 46.0, 'AGU': 1.0, 'AGA': 2376.0}"
11,2423.0,1.0,F,{'F': 2423.0},,0.4016339500727975,0.3439767202329016,2423.0,1.0,UUC,{'UUC': 2423.0}
12,2413.0,0.9958728848534875,R,"{'S': 10.0, 'R': 2413.0}",,-0.38316802133375427,0.3507975936054407,2413.0,0.9958728848534875,AGG,"{'AGG': 2413.0, 'AGC': 10.0}"
13,2396.0,0.988856789104416,T,"{'A': 27.0, 'T': 2396.0}",,-1.7173313727249218,0.04295932146823994,2396.0,0.988856789104416,ACG,"{'ACG': 2396.0, 'GCG': 27.0}"
14,2423.0,1.0,G,{'G': 2423.0},,0.4016339500727975,0.3439767202329016,2423.0,1.0,GGG,{'GGG': 2423.0}
15,2423.0,1.0,N,{'N': 2423.0},,0.4016339500727975,0.3439767202329016,2423.0,1.0,AAC,{'AAC': 2423.0}
16,2423.0,1.0,*,{'*': 2423.0},,0.4016339500727975,0.3439767202329016,2423.0,1.0,UAA,{'UAA': 2423.0}
