,consensus_strains,consensus_strains_normalized,consensus_AAseq,consensus_AAseq_details,index_dels_fixed,zscore,p_value,consensus_strains_codon,consensus_strains_normalized_codon,consensus_codon_seq,consensus_codon_seq_details
0,2619.0,1.0,M,{'M': 2619.0},,0.37866200714603127,0.3524694349326064,2619.0,1.0,AUG,{'AUG': 2619.0}
1,2619.0,1.0,E,{'E': 2619.0},,0.37866200714603127,0.3524694349326064,2618.0,0.9996181748759069,GAA,"{'GAG': 1.0, 'GAA': 2618.0}"
2,2619.0,1.0,P,{'P': 2619.0},,0.37866200714603127,0.3524694349326064,2619.0,1.0,CCU,{'CCU': 2619.0}
3,2619.0,1.0,D,{'D': 2619.0},,0.37866200714603127,0.3524694349326064,2619.0,1.0,GAU,{'GAU': 2619.0}
4,2619.0,1.0,P,{'P': 2619.0},,0.37866200714603127,0.3524694349326064,2619.0,1.0,CCC,{'CCC': 2619.0}
5,2619.0,1.0,T,{'T': 2619.0},,0.37866200714603127,0.3524694349326064,2619.0,1.0,ACG,{'ACG': 2619.0}
6,2614.0,0.9980908743795341,P,"{'P': 2614.0, 'S': 4.0, 'L': 1.0}",,-2.7194816876859034,0.0032692157644563405,2614.0,0.9980908743795341,CCU,"{'CCU': 2614.0, 'UCU': 4.0, 'CUU': 1.0}"
7,2619.0,1.0,L,{'L': 2619.0},,0.37866200714603127,0.3524694349326064,2619.0,1.0,CUC,{'CUC': 2619.0}
8,2619.0,1.0,P,{'P': 2619.0},,0.37866200714603127,0.3524694349326064,2619.0,1.0,CCU,{'CCU': 2619.0}
9,2619.0,1.0,R,{'R': 2619.0},,0.37866200714603127,0.3524694349326064,2618.0,0.9996181748759069,CGA,"{'CGA': 2618.0, 'CGC': 1.0}"
10,2614.0,0.9980908743795341,R,"{'Q': 1.0, 'R': 2614.0, 'W': 4.0}",,-2.7194816876859034,0.0032692157644563405,2608.0,0.9957999236349752,CGG,"{'CGA': 6.0, 'CAG': 1.0, 'UGG': 4.0, 'CGG': 2608.0}"
11,2619.0,1.0,R,{'R': 2619.0},,0.37866200714603127,0.3524694349326064,2618.0,0.9996181748759069,AGA,"{'AGG': 1.0, 'AGA': 2618.0}"
12,2619.0,1.0,L,{'L': 2619.0},,0.37866200714603127,0.3524694349326064,2619.0,1.0,UUA,{'UUA': 2619.0}
13,2618.0,0.9996181748759069,K,"{'K': 2618.0, 'N': 1.0}",,-0.2409667318202836,0.4047904505118899,2618.0,0.9996181748759069,AAA,"{'AAA': 2618.0, 'AAC': 1.0}"
14,2619.0,1.0,L,{'L': 2619.0},,0.37866200714603127,0.3524694349326064,2619.0,1.0,CUU,{'CUU': 2619.0}
15,2619.0,1.0,F,{'F': 2619.0},,0.37866200714603127,0.3524694349326064,2498.0,0.953799159984727,UUC,"{'UUU': 121.0, 'UUC': 2498.0}"
16,2619.0,1.0,R,{'R': 2619.0},,0.37866200714603127,0.3524694349326064,2619.0,1.0,CGG,{'CGG': 2619.0}
17,2619.0,1.0,*,{'*': 2619.0},,0.37866200714603127,0.3524694349326064,2619.0,1.0,UAA,{'UAA': 2619.0}
