,consensus_strains,consensus_strains_normalized,consensus_AAseq,consensus_AAseq_details,index_dels_fixed,zscore,p_value,consensus_strains_codon,consensus_strains_normalized_codon,consensus_codon_seq,consensus_codon_seq_details
0,2589.0,1.0,V,{'V': 2589.0},,0.37091670083310485,0.3553497878034778,2589.0,1.0,GUG,{'GUG': 2589.0}
1,2589.0,1.0,K,{'K': 2589.0},,0.37091670083310485,0.3553497878034778,2589.0,1.0,AAA,{'AAA': 2589.0}
2,2589.0,1.0,R,{'R': 2589.0},,0.37091670083310485,0.3553497878034778,2589.0,1.0,AGA,{'AGA': 2589.0}
3,2589.0,1.0,N,{'N': 2589.0},,0.37091670083310485,0.3553497878034778,2589.0,1.0,AAC,{'AAC': 2589.0}
4,2589.0,1.0,D,{'D': 2589.0},,0.37091670083310485,0.3553497878034778,2589.0,1.0,GAU,{'GAU': 2589.0}
5,2589.0,1.0,K,{'K': 2589.0},,0.37091670083310485,0.3553497878034778,2589.0,1.0,AAA,{'AAA': 2589.0}
6,2589.0,1.0,I,{'I': 2589.0},,0.37091670083310485,0.3553497878034778,2589.0,1.0,AUC,{'AUC': 2589.0}
7,2589.0,1.0,L,{'L': 2589.0},,0.37091670083310485,0.3553497878034778,2589.0,1.0,CUC,{'CUC': 2589.0}
8,2589.0,1.0,H,{'H': 2589.0},,0.37091670083310485,0.3553497878034778,2589.0,1.0,CAU,{'CAU': 2589.0}
9,2589.0,1.0,Y,{'Y': 2589.0},,0.37091670083310485,0.3553497878034778,2589.0,1.0,UAC,{'UAC': 2589.0}
10,1786.0,0.6898416376979529,R,"{'R': 1786.0, 'E': 796.0, 'G': 7.0}",,-1.869650832534369,0.030766160699047234,1786.0,0.6898416376979529,AGA,"{'GGA': 7.0, 'GAA': 796.0, 'AGA': 1786.0}"
11,2589.0,1.0,G,{'G': 2589.0},,0.37091670083310485,0.3553497878034778,2589.0,1.0,GGA,{'GGA': 2589.0}
12,1398.0,0.5399768250289687,*,"{'*': 1398.0, 'L': 1191.0}",,-2.9522662782959883,0.0015772538738304577,1191.0,0.4600231749710313,UUA,"{'UAA': 208.0, 'UGA': 1190.0, 'UUA': 1191.0}"
13,1191.0,1.0,N,{'N': 1191.0},,0.37091670083310485,0.3553497878034778,1191.0,1.0,AAU,{'AAU': 1191.0}
14,1191.0,1.0,*,{'*': 1191.0},,0.37091670083310485,0.3553497878034778,1191.0,1.0,UGA,{'UGA': 1191.0}
