,consensus_strains,consensus_strains_normalized,consensus_AAseq,consensus_AAseq_details,index_dels_fixed,zscore,p_value,consensus_strains_codon,consensus_strains_normalized_codon,consensus_codon_seq,consensus_codon_seq_details
0,661.0,0.9969834087481146,M,"{'I': 2.0, 'M': 661.0}",,-3.614784456460256,0.00015029880372022516,661.0,0.9969834087481146,AUG,"{'AUU': 2.0, 'AUG': 661.0}"
1,663.0,1.0,I,{'I': 663.0},,0.25819888974716115,0.3981267073688196,661.0,0.9969834087481146,AUU,"{'AUA': 2.0, 'AUU': 661.0}"
2,663.0,1.0,I,{'I': 663.0},,0.25819888974716115,0.3981267073688196,663.0,1.0,AUC,{'AUC': 663.0}
3,663.0,1.0,K,{'K': 663.0},,0.25819888974716115,0.3981267073688196,663.0,1.0,AAA,{'AAA': 663.0}
4,663.0,1.0,T,{'T': 663.0},,0.25819888974716115,0.3981267073688196,663.0,1.0,ACG,{'ACG': 663.0}
5,663.0,1.0,L,{'L': 663.0},,0.25819888974716115,0.3981267073688196,663.0,1.0,UUA,{'UUA': 663.0}
6,663.0,1.0,K,{'K': 663.0},,0.25819888974716115,0.3981267073688196,663.0,1.0,AAA,{'AAA': 663.0}
7,663.0,1.0,M,{'M': 663.0},,0.25819888974716115,0.3981267073688196,663.0,1.0,AUG,{'AUG': 663.0}
8,663.0,1.0,S,{'S': 663.0},,0.25819888974716115,0.3981267073688196,663.0,1.0,AGU,{'AGU': 663.0}
9,663.0,1.0,A,{'A': 663.0},,0.25819888974716115,0.3981267073688196,663.0,1.0,GCA,{'GCA': 663.0}
10,663.0,1.0,R,{'R': 663.0},,0.25819888974716115,0.3981267073688196,663.0,1.0,CGA,{'CGA': 663.0}
11,663.0,1.0,K,{'K': 663.0},,0.25819888974716115,0.3981267073688196,663.0,1.0,AAG,{'AAG': 663.0}
12,663.0,1.0,R,{'R': 663.0},,0.25819888974716115,0.3981267073688196,663.0,1.0,CGA,{'CGA': 663.0}
13,663.0,1.0,N,{'N': 663.0},,0.25819888974716115,0.3981267073688196,663.0,1.0,AAU,{'AAU': 663.0}
14,663.0,1.0,*,{'*': 663.0},,0.25819888974716115,0.3981267073688196,663.0,1.0,UGA,{'UGA': 663.0}
