,consensus_strains,consensus_strains_normalized,consensus_AAseq,consensus_AAseq_details,index_dels_fixed,zscore,p_value,consensus_strains_codon,consensus_strains_normalized_codon,consensus_codon_seq,consensus_codon_seq_details
0,688.0,0.9971014492753624,M,"{'I': 2.0, 'M': 688.0}",,-0.24588559201135848,0.4028853987011781,688.0,0.9971014492753624,AUG,"{'AUA': 2.0, 'AUG': 688.0}"
1,699.0,1.0,F,{'F': 699.0},,0.3593651045327055,0.3596609880463336,699.0,1.0,UUU,{'UUU': 699.0}
2,699.0,1.0,S,{'S': 699.0},,0.3593651045327055,0.3596609880463336,699.0,1.0,AGC,{'AGC': 699.0}
3,697.0,0.9971387696709585,K,"{'K': 697.0, 'T': 2.0}",,-0.23809266458805978,0.4059046119904731,697.0,0.9971387696709585,AAA,"{'ACA': 2.0, 'AAA': 697.0}"
4,699.0,1.0,L,{'L': 699.0},,0.3593651045327055,0.3596609880463336,699.0,1.0,UUG,{'UUG': 699.0}
5,699.0,1.0,A,{'A': 699.0},,0.3593651045327055,0.3596609880463336,699.0,1.0,GCA,{'GCA': 699.0}
6,699.0,1.0,Q,{'Q': 699.0},,0.3593651045327055,0.3596609880463336,699.0,1.0,CAA,{'CAA': 699.0}
7,699.0,1.0,S,{'S': 699.0},,0.3593651045327055,0.3596609880463336,699.0,1.0,AGU,{'AGU': 699.0}
8,699.0,1.0,S,{'S': 699.0},,0.3593651045327055,0.3596609880463336,699.0,1.0,AGC,{'AGC': 699.0}
9,699.0,1.0,I,{'I': 699.0},,0.3593651045327055,0.3596609880463336,699.0,1.0,AUA,{'AUA': 699.0}
10,698.0,0.9985693848354793,K,"{'K': 698.0, 'N': 1.0}",,0.06063621997233443,0.4758244636082273,698.0,0.9985693848354793,AAG,"{'AAU': 1.0, 'AAG': 698.0}"
11,699.0,1.0,A,{'A': 699.0},,0.3593651045327055,0.3596609880463336,694.0,0.9928469241773963,GCU,"{'GCU': 694.0, 'GCG': 5.0}"
12,699.0,1.0,M,{'M': 699.0},,0.3593651045327055,0.3596609880463336,699.0,1.0,AUG,{'AUG': 699.0}
13,685.0,0.9813753581661891,F,"{'Y': 13.0, 'F': 685.0}",,-3.5296741132325837,0.00020803591400802153,685.0,0.9813753581661891,UUU,"{'UUU': 685.0, 'UAU': 13.0}"
14,696.0,1.0,*,{'*': 696.0},,0.3593651045327055,0.3596609880463336,696.0,1.0,UAA,{'UAA': 696.0}
